{
    "f1_score": 0.624390243902439,
    "precision_score": 0.47058823529411764,
    "recall_score": 0.927536231884058,
    "accuracy_score": 0.5837837837837838,
    "confusion_matrix": [
        [
            132,
            216
        ],
        [
            15,
            192
        ]
    ],
    "classification_report": "              precision    recall  f1-score   support\n\n          -1       0.90      0.38      0.53       348\n           1       0.47      0.93      0.62       207\n\n    accuracy                           0.58       555\n   macro avg       0.68      0.65      0.58       555\nweighted avg       0.74      0.58      0.57       555\n"
}