{
    "f1_score": 0.6211180124223602,
    "precision_score": 0.46511627906976744,
    "recall_score": 0.9345794392523364,
    "accuracy_score": 0.5719298245614035,
    "confusion_matrix": [
        [
            63,
            115
        ],
        [
            7,
            100
        ]
    ],
    "classification_report": "              precision    recall  f1-score   support\n\n          -1       0.90      0.35      0.51       178\n           1       0.47      0.93      0.62       107\n\n    accuracy                           0.57       285\n   macro avg       0.68      0.64      0.56       285\nweighted avg       0.74      0.57      0.55       285\n"
}