{
    "f1_score": 0.7705263157894736,
    "precision_score": 0.6654545454545454,
    "recall_score": 0.915,
    "accuracy_score": 0.659375,
    "confusion_matrix": [
        [
            28,
            92
        ],
        [
            17,
            183
        ]
    ],
    "classification_report": "              precision    recall  f1-score   support\n\n          -1       0.62      0.23      0.34       120\n           1       0.67      0.92      0.77       200\n\n    accuracy                           0.66       320\n   macro avg       0.64      0.57      0.55       320\nweighted avg       0.65      0.66      0.61       320\n"
}