{
    "f1_score": 0.7258064516129032,
    "precision_score": 0.5869565217391305,
    "recall_score": 0.9507042253521126,
    "accuracy_score": 0.6106870229007634,
    "confusion_matrix": [
        [
            25,
            95
        ],
        [
            7,
            135
        ]
    ],
    "classification_report": "              precision    recall  f1-score   support\n\n          -1       0.78      0.21      0.33       120\n           1       0.59      0.95      0.73       142\n\n    accuracy                           0.61       262\n   macro avg       0.68      0.58      0.53       262\nweighted avg       0.68      0.61      0.54       262\n"
}