{
    "abnormal": {
        "localShimmer": 644,
        "localdbShimmer": 644,
        "apq3Shimmer": 923,
        "apq5Shimmer": 1527,
        "apq11Shimmer": 1909,
        "localJitter": 644,
        "localabsoluteJitter": 644,
        "rapJitter": 918,
        "ppq5Jitter": 1518,
        "ddpJitter": 918,
        "f1": 0,
        "f2": 0,
        "f3": 0,
        "f4": 0,
        "f0_mean": 157,
        "f0_std": 157
    },
    "abnormal_percentage": {
        "localShimmer": 19.515151515151516,
        "localdbShimmer": 19.515151515151516,
        "apq3Shimmer": 27.969696969696972,
        "apq5Shimmer": 46.27272727272727,
        "apq11Shimmer": 57.84848484848485,
        "localJitter": 19.515151515151516,
        "localabsoluteJitter": 19.515151515151516,
        "rapJitter": 27.81818181818182,
        "ppq5Jitter": 46.0,
        "ddpJitter": 27.81818181818182,
        "f1": 0.0,
        "f2": 0.0,
        "f3": 0.0,
        "f4": 0.0,
        "f0_mean": 4.757575757575758,
        "f0_std": 4.757575757575758
    },
    "normal": {
        "localShimmer": 3144,
        "localdbShimmer": 3144,
        "apq3Shimmer": 4376,
        "apq5Shimmer": 6874,
        "apq11Shimmer": 9015,
        "localJitter": 3134,
        "localabsoluteJitter": 3134,
        "rapJitter": 4336,
        "ppq5Jitter": 6835,
        "ddpJitter": 4336,
        "f1": 0,
        "f2": 0,
        "f3": 0,
        "f4": 0,
        "f0_mean": 602,
        "f0_std": 602
    },
    "normal_percentage": {
        "localShimmer": 21.360146749099805,
        "localdbShimmer": 21.360146749099805,
        "apq3Shimmer": 29.730280589713974,
        "apq5Shimmer": 46.70154222433589,
        "apq11Shimmer": 61.2473673483253,
        "localJitter": 21.29220735104287,
        "localabsoluteJitter": 21.29220735104287,
        "rapJitter": 29.45852299748624,
        "ppq5Jitter": 46.43657857191385,
        "ddpJitter": 29.45852299748624,
        "f1": 0.0,
        "f2": 0.0,
        "f3": 0.0,
        "f4": 0.0,
        "f0_mean": 4.089951763027379,
        "f0_std": 4.089951763027379
    },
    "all": {
        "localShimmer": 3788,
        "localdbShimmer": 3788,
        "apq3Shimmer": 5299,
        "apq5Shimmer": 8401,
        "apq11Shimmer": 10924,
        "localJitter": 3778,
        "localabsoluteJitter": 3778,
        "rapJitter": 5254,
        "ppq5Jitter": 8353,
        "ddpJitter": 5254,
        "f1": 0,
        "f2": 0,
        "f3": 0,
        "f4": 0,
        "f0_mean": 759,
        "f0_std": 759
    }
}