FundamentalFrequency,HarmonicstoNoiseRatio,PulsesPerSec,jitter_local,jitter_local-absolute,jitter_rap,jitter_ppq5,jitter_ddp,filename,id_machine,machine_type,label
283.9285714285714,8.47680308524117,282.7,0.05211205282333162,0.00018398646697725536,0.03185516797241583,0.028994197271555337,0.0955655039172475,../../../dataset/mimii/fan/id_06/normal/00000275.wav,id_06,fan,normal
140.70796460176987,7.447907030171631,141.2,0.021387763402422925,0.0001508934327556574,0.012702757526466936,0.012251719944768352,0.03810827257940081,../../../dataset/mimii/fan/id_06/normal/00000879.wav,id_06,fan,normal
94.08284023668638,6.649515756746447,111.6,0.021616988380412115,0.000193710490556878,0.012957651364031347,0.012655030400314047,0.03887295409209404,../../../dataset/mimii/fan/id_06/normal/00000123.wav,id_06,fan,normal
