FundamentalFrequency,HarmonicstoNoiseRatio,PulsesPerSec,jitter_local,jitter_local-absolute,jitter_rap,jitter_ppq5,jitter_ddp,filename,id_machine,machine_type,label
85.4937557816836,1.7510523103221158,17.0,0.14381223790998926,0.0008494656060454742,0.06591518582353907,0.0634867316089815,0.19774555747061723,../../../dataset/mimii/pump/id_00/normal/00000275.wav,id_00,pump,normal
84.57446808510636,1.207799489557654,44.5,0.11441710270969556,0.0010846443589921867,0.05762925854350659,0.07158512515522475,0.17288777563051977,../../../dataset/mimii/pump/id_00/normal/00000879.wav,id_00,pump,normal
154.36893203883494,1.6318630476112355,131.4,0.11187946204241626,0.0007332192298751252,0.05954732822987385,0.0684393866163975,0.17864198468962156,../../../dataset/mimii/pump/id_00/normal/00000123.wav,id_00,pump,normal
