FundamentalFrequency,HarmonicstoNoiseRatio,PulsesPerSec,jitter_local,jitter_local-absolute,jitter_rap,jitter_ppq5,jitter_ddp,filename,id_machine,machine_type,label
187.05882352941174,2.600625030655808,187.1,0.13346941682088875,0.0007082692188307785,0.07607892837200796,0.08720069989845422,0.22823678511602385,../../../dataset/mimii/pump/id_06/normal/00000275.wav,id_06,pump,normal
94.64285714285712,2.943431080788518,94.9,0.06896052208404545,0.0007251104087031757,0.04086574555709506,0.03955883586416048,0.12259723667128518,../../../dataset/mimii/pump/id_06/normal/00000879.wav,id_06,pump,normal
201.2658227848101,1.20177728588401,196.2,0.11493182360244801,0.0005805644879547129,0.059948130194474196,0.07360396037120494,0.17984439058342258,../../../dataset/mimii/pump/id_06/normal/00000123.wav,id_06,pump,normal
