FundamentalFrequency,HarmonicstoNoiseRatio,PulsesPerSec,jitter_local,jitter_local-absolute,jitter_rap,jitter_ppq5,jitter_ddp,filename,id_machine,machine_type,label
248.43749999999997,3.986439199374352,209.5,0.095404340291942,0.00038870487733791783,0.05191354768958364,0.0507595449101928,0.1557406430687509,../../../dataset/mimii/slider/id_02/abnormal/00000123.wav,id_02,slider,abnormal
378.5714285714285,1.3564273231634074,108.1,0.1131556738341427,0.0003151367443199529,0.05588933797054205,0.07287005906789419,0.16766801391162614,../../../dataset/mimii/slider/id_02/abnormal/00000260.wav,id_02,slider,abnormal
418.42105263157885,2.30262931198019,109.0,0.10639610291142118,0.00025710517563631467,0.053510773215797634,0.06280615970582265,0.1605323196473929,../../../dataset/mimii/slider/id_02/abnormal/00000250.wav,id_02,slider,abnormal
