FundamentalFrequency,HarmonicstoNoiseRatio,PulsesPerSec,jitter_local,jitter_local-absolute,jitter_rap,jitter_ppq5,jitter_ddp,filename,id_machine,machine_type,label
369.76744186046506,2.2769024237222304,144.7,0.11617486436709912,0.00034335496833183033,0.05813478166350553,0.07112805276734142,0.1744043449905166,../../../dataset/mimii/slider/id_06/normal/00000275.wav,id_06,slider,normal
378.5714285714285,1.2886481791359508,112.2,0.11627670511535283,0.0004089182265659309,0.05819357365382284,0.0666532058863222,0.17458072096146854,../../../dataset/mimii/slider/id_06/normal/00000123.wav,id_06,slider,normal
361.3636363636363,2.4739209097683696,134.4,0.12107711082162986,0.00035009481841176063,0.06031541600820464,0.07341725879506152,0.18094624802461393,../../../dataset/mimii/slider/id_06/normal/00000260.wav,id_06,slider,normal
