FundamentalFrequency,HarmonicstoNoiseRatio,PulsesPerSec,jitter_local,jitter_local-absolute,jitter_rap,jitter_ppq5,jitter_ddp,filename,id_machine,machine_type,label
173.54469854469852,0.7122673929052477,21.9,0.1116432296232373,0.0008223171864779785,0.06096210956015234,0.10517912937253178,0.182886328680457,../../../dataset/mimii/fan/id_00/abnormal/00000275.wav,id_00,fan,abnormal
496.87499999999994,5.468983922976734,32.3,0.08759057406834302,0.00018775375266105057,0.04879319214346886,0.05881616300368166,0.14637957643040658,../../../dataset/mimii/fan/id_00/abnormal/00000123.wav,id_00,fan,abnormal
81.75293433435549,1.0993772145035505,9.6,0.1524149356441828,0.0006842131363817166,0.055911064990966965,0.06265133171911365,0.1677331949729009,../../../dataset/mimii/fan/id_00/abnormal/00000260.wav,id_00,fan,abnormal
