FundamentalFrequency,HarmonicstoNoiseRatio,PulsesPerSec,jitter_local,jitter_local-absolute,jitter_rap,jitter_ppq5,jitter_ddp,filename,id_machine,machine_type,label
123.25581395348836,7.555808063458087,55.0,0.0492916353089286,0.00039944062630925894,0.027167600298279457,0.028486398569200943,0.08150280089483837,../../../dataset/mimii/slider/id_00/abnormal/00000275.wav,id_00,slider,abnormal
244.61538461538456,5.617956987263801,167.1,0.09306996448684075,0.0004557620307589284,0.052987485782150665,0.05324324485510824,0.15896245734645198,../../../dataset/mimii/slider/id_00/abnormal/00000123.wav,id_00,slider,abnormal
157.42574257425738,2.449079163261842,135.6,0.11297672958285856,0.0006941948087548878,0.05758715541355626,0.07151796888968165,0.1727614662406688,../../../dataset/mimii/slider/id_00/abnormal/00000260.wav,id_00,slider,abnormal
