FundamentalFrequency,HarmonicstoNoiseRatio,PulsesPerSec,jitter_local,jitter_local-absolute,jitter_rap,jitter_ppq5,jitter_ddp,filename,id_machine,machine_type,label
147.2222222222222,1.9894706214997746,69.7,0.09901809361287621,0.0004926243736448862,0.04922264239478909,0.052149162606776794,0.14766792718436728,../../../dataset/mimii/valve/id_06/normal/00000275.wav,id_06,valve,normal
101.9230769230769,2.342083325228016,28.5,0.11862353709770031,0.0009885601090857425,0.05617979205653591,0.08001211147214092,0.16853937616960774,../../../dataset/mimii/valve/id_06/normal/00000879.wav,id_06,valve,normal
112.7659574468085,4.9844931610224,29.6,0.1074684151607197,0.0008395302295806719,0.05956987643707902,0.07368233067041707,0.17870962931123707,../../../dataset/mimii/valve/id_06/normal/00000123.wav,id_06,valve,normal
