FundamentalFrequency,HarmonicstoNoiseRatio,PulsesPerSec,jitter_local,jitter_local-absolute,jitter_rap,jitter_ppq5,jitter_ddp,filename,id_machine,machine_type,label
217.80821917808217,1.8865631952536073,51.7,0.11534063268027003,0.0006442712324032834,0.05464011860912796,0.07619418059046486,0.16392035582738387,../../../dataset/mimii/valve/id_00/normal/00000275.wav,id_00,valve,normal
137.06896551724137,2.9274764426804856,28.0,0.11727067929760608,0.0007144558504328282,0.06164594185852177,0.06939144035262361,0.18493782557556532,../../../dataset/mimii/valve/id_00/normal/00000879.wav,id_00,valve,normal
131.40495867768593,0.8199523727247927,41.9,0.12579410891136417,0.0008992129163911119,0.06354506471030726,0.07180782495301806,0.19063519413092178,../../../dataset/mimii/valve/id_00/normal/00000123.wav,id_00,valve,normal
