FundamentalFrequency,HarmonicstoNoiseRatio,PulsesPerSec,jitter_local,jitter_local-absolute,jitter_rap,jitter_ppq5,jitter_ddp,filename,id_machine,machine_type,label
140.0908244061481,1.7173743814966014,22.0,0.11985742455314878,0.0005774275758456379,0.05621745653515158,0.051937013951527035,0.16865236960545474,../../../dataset/mimii/fan/id_06/abnormal/00000275.wav,id_06,fan,abnormal
137.06896551724137,1.2379325092845481,42.5,0.10698612220840378,0.0008445154166926149,0.053428997189110976,0.06541155297562963,0.16028699156733292,../../../dataset/mimii/fan/id_06/abnormal/00000123.wav,id_06,fan,abnormal
147.2222222222222,1.4512107968019228,30.1,0.09431411308371244,0.0005644552782261172,0.04608578897185028,0.05329138015994852,0.13825736691555085,../../../dataset/mimii/fan/id_06/abnormal/00000260.wav,id_06,fan,abnormal
