FundamentalFrequency,HarmonicstoNoiseRatio,PulsesPerSec,jitter_local,jitter_local-absolute,jitter_rap,jitter_ppq5,jitter_ddp,filename,id_machine,machine_type,label
244.61538461538456,3.9165389369551216,210.3,0.10733839344478546,0.00044092430104035647,0.058837077165374535,0.06110468633728287,0.1765112314961236,../../../dataset/mimii/slider/id_02/normal/00000275.wav,id_02,slider,normal
454.2857142857142,2.9807614062407026,138.9,0.10249420562910254,0.0002653348631038796,0.048814393000239716,0.05324134827652522,0.14644317900071915,../../../dataset/mimii/slider/id_02/normal/00000879.wav,id_02,slider,normal
248.43749999999997,4.332893532681794,194.1,0.10903378858948085,0.0004470439802766463,0.05921499343131517,0.06201658332545748,0.17764498029394551,../../../dataset/mimii/slider/id_02/normal/00000123.wav,id_02,slider,normal
