FundamentalFrequency,HarmonicstoNoiseRatio,PulsesPerSec,jitter_local,jitter_local-absolute,jitter_rap,jitter_ppq5,jitter_ddp,filename,id_machine,machine_type,label
387.80487804878044,3.498659463401556,48.9,0.11651593201002017,0.00034938657870572156,0.06028588226311099,0.06725103774587415,0.18085764678933297,../../../dataset/mimii/slider/id_04/abnormal/00000123.wav,id_04,slider,abnormal
137.06896551724137,2.086978324039045,36.7,0.12041363032195568,0.0007649282911042361,0.05665133169534346,0.059840224883995236,0.16995399508603037,../../../dataset/mimii/slider/id_04/abnormal/00000071.wav,id_04,slider,abnormal
369.76744186046506,3.0545399156583937,66.3,0.12083615585327666,0.00036989323795379224,0.058599695585995905,0.07109950610381534,0.17579908675798772,../../../dataset/mimii/slider/id_04/abnormal/00000104.wav,id_04,slider,abnormal
