FundamentalFrequency,HarmonicstoNoiseRatio,PulsesPerSec,jitter_local,jitter_local-absolute,jitter_rap,jitter_ppq5,jitter_ddp,filename,id_machine,machine_type,label
345.65217391304344,2.7564216224733022,169.0,0.11338625229601146,0.00033901488467246734,0.05531138425978724,0.07022216223005556,0.16593415277936172,../../../dataset/mimii/slider/id_06/abnormal/00000071.wav,id_06,slider,abnormal
345.65217391304344,2.7334929210674943,183.1,0.11407727920865667,0.0003414881351537573,0.057949800369376754,0.06898040608948522,0.17384940110813027,../../../dataset/mimii/slider/id_06/abnormal/00000087.wav,id_06,slider,abnormal
345.65217391304344,3.0950523503308185,164.4,0.11203491660832202,0.00033881708195830293,0.056708677261754846,0.07004292784927299,0.17012603178526453,../../../dataset/mimii/slider/id_06/abnormal/00000015.wav,id_06,slider,abnormal
