FundamentalFrequency,HarmonicstoNoiseRatio,PulsesPerSec,jitter_local,jitter_local-absolute,jitter_rap,jitter_ppq5,jitter_ddp,filename,id_machine,machine_type,label
101.9230769230769,3.546004046655186,32.2,0.11520693497106836,0.0008947738214545875,0.05928721857933065,0.0629366339148973,0.17786165573799195,../../../dataset/mimii/valve/id_00/abnormal/00000071.wav,id_00,valve,abnormal
85.71490845684392,1.6257461099832429,23.7,0.12384569283534026,0.0008617289509520248,0.05737400324328552,0.04639140137795152,0.17212200972985656,../../../dataset/mimii/valve/id_00/abnormal/00000104.wav,id_00,valve,abnormal
113.16869300911853,1.6130461626933486,35.0,0.11549909748057656,0.0008251935031933777,0.05562949446321965,0.0759021063474584,0.16688848338965895,../../../dataset/mimii/valve/id_00/abnormal/00000109.wav,id_00,valve,abnormal
