FundamentalFrequency,HarmonicstoNoiseRatio,PulsesPerSec,jitter_local,jitter_local-absolute,jitter_rap,jitter_ppq5,jitter_ddp,filename,id_machine,machine_type,label
143.24324324324323,0.6754012628891708,103.9,0.11472958662136036,0.0005614733352664203,0.05753703828917832,0.06767323893377857,0.17261111486753494,../../../dataset/mimii/fan/id_02/normal/00000275.wav,id_02,fan,normal
137.06896551724137,0.6735451929852223,135.0,0.11513222747181445,0.0006402084997984954,0.05496093382284347,0.07086050832005708,0.1648828014685304,../../../dataset/mimii/fan/id_02/normal/00000879.wav,id_02,fan,normal
324.4897959183673,1.8760277974943858,148.4,0.1135445276128749,0.0004423710169000944,0.05557719997088309,0.06450003917484999,0.16673159991264927,../../../dataset/mimii/fan/id_02/normal/00000123.wav,id_02,fan,normal
