FundamentalFrequency,HarmonicstoNoiseRatio,PulsesPerSec,jitter_local,jitter_local-absolute,jitter_rap,jitter_ppq5,jitter_ddp,filename,id_machine,machine_type,label
108.16326530612243,1.5048673531131624,24.6,0.12842902947482007,0.0008479331709141671,0.06100546387051033,0.0775128246825409,0.183016391611531,../../../dataset/mimii/pump/id_02/normal/00000275.wav,id_02,pump,normal
349.8307543520309,0.9106734160990485,52.3,0.10298829764961963,0.00035979365737045453,0.05834602043242056,0.06917557614636577,0.17503806129726168,../../../dataset/mimii/pump/id_02/normal/00000879.wav,id_02,pump,normal
286.5097402597402,1.3207274969464289,32.0,0.1143568703287639,0.00040065011326459465,0.05254563087626574,0.062303398564310906,0.15763689262879724,../../../dataset/mimii/pump/id_02/normal/00000123.wav,id_02,pump,normal
