FundamentalFrequency,HarmonicstoNoiseRatio,PulsesPerSec,jitter_local,jitter_local-absolute,jitter_rap,jitter_ppq5,jitter_ddp,filename,id_machine,machine_type,label
105.99999999999999,1.464056949817839,99.3,0.12275947128925717,0.001231854638399179,0.06529642182746355,0.08103799465985007,0.19588926548239066,../../../dataset/mimii/pump/id_06/abnormal/00000071.wav,id_06,pump,abnormal
418.42105263157885,0.24029102034182803,134.3,0.11530866853079094,0.00032800566138563173,0.05823506843641272,0.06450733464732067,0.17470520530923817,../../../dataset/mimii/pump/id_06/abnormal/00000087.wav,id_06,pump,abnormal
294.4444444444444,0.7307720060652472,213.9,0.11872764181825436,0.0005082527639129858,0.058429953286691184,0.07132058373213754,0.17528985986007356,../../../dataset/mimii/pump/id_06/abnormal/00000015.wav,id_06,pump,abnormal
