FundamentalFrequency,HarmonicstoNoiseRatio,PulsesPerSec,jitter_local,jitter_local-absolute,jitter_rap,jitter_ppq5,jitter_ddp,filename,id_machine,machine_type,label
244.61538461538456,3.245895088680478,158.0,0.09867615972491482,0.000451868983805267,0.053426099832619686,0.05552027869763654,0.16027829949785904,../../../dataset/mimii/slider/id_00/normal/00000275.wav,id_00,slider,normal
123.25581395348836,3.903055296318863,136.0,0.09296597546919333,0.000649658441553041,0.054520241329638244,0.061643739436432164,0.16356072398891475,../../../dataset/mimii/slider/id_00/normal/00000879.wav,id_00,slider,normal
124.21874999999999,3.3821543208608538,111.4,0.08521758374849936,0.0005801253786212087,0.047399393438962975,0.050816200775756576,0.1421981803168889,../../../dataset/mimii/slider/id_00/normal/00000123.wav,id_00,slider,normal
