FundamentalFrequency,HarmonicstoNoiseRatio,PulsesPerSec,jitter_local,jitter_local-absolute,jitter_rap,jitter_ppq5,jitter_ddp,filename,id_machine,machine_type,label
278.9473684210526,3.358594741663624,32.8,0.09812393173990135,0.0006113529068390774,0.05216365066878909,0.10050578846807745,0.15649095200636728,../../../dataset/mimii/slider/id_04/normal/00000275.wav,id_04,slider,normal
383.18815331010444,3.7547943138002484,51.2,0.11858491378257763,0.00033905936706320845,0.05869917032744312,0.07210751895050267,0.17609751098232937,../../../dataset/mimii/slider/id_04/normal/00000123.wav,id_04,slider,normal
137.06896551724137,2.30043723187544,50.1,0.1264941082964217,0.0006577501129513322,0.06990217060166383,0.06958319649237185,0.2097065118049915,../../../dataset/mimii/slider/id_04/normal/00000260.wav,id_04,slider,normal
