FundamentalFrequency,HarmonicstoNoiseRatio,PulsesPerSec,jitter_local,jitter_local-absolute,jitter_rap,jitter_ppq5,jitter_ddp,filename,id_machine,machine_type,label
165.62499999999997,3.312210645552277,23.7,0.1204181239749457,0.0006412061497110593,0.05514182820557616,0.07346298291680853,0.16542548461672846,../../../dataset/mimii/valve/id_04/abnormal/00000071.wav,id_04,valve,abnormal
196.29629629629628,7.1928910064629585,26.5,0.11632825719120093,0.0005729188521786417,0.06450930626056792,0.05418229971310314,0.19352791878170375,../../../dataset/mimii/valve/id_04/abnormal/00000104.wav,id_04,valve,abnormal
197.52314814814812,4.0972186580799725,31.3,0.08907975037461592,0.0004839090315952332,0.052945563012676534,0.060613146879304095,0.1588366890380296,../../../dataset/mimii/valve/id_04/abnormal/00000109.wav,id_04,valve,abnormal
