fan-identifier,mean,std,min,max
id_00-abnormal,61.103194103194106,16.285114077325105,23.0,136.6
id_00-normal,67.7671612265084,19.707474325991754,22.4,660.9000000000001
id_02-abnormal,170.89582172701952,189.84324041749284,32.5,1050.2
id_02-normal,246.92598425196852,206.4433673317854,18.5,1192.1
id_04-abnormal,197.58591954022987,81.19904353800173,47.400000000000006,694.0
id_04-normal,211.30067763794773,118.14521165228012,34.800000000000004,1191.6
id_06-abnormal,177.58171745152356,128.65264473827688,28.5,693.1
id_06-normal,286.76600985221677,33.61595489365329,42.5,670.3000000000001
all,188.79603603603604,144.4528855071358,18.5,1192.1
