pump-identifier,mean,std,min,max
id_00-abnormal,312.1958041958042,221.44349194120906,36.0,1000.4
id_00-normal,167.29115308151097,78.50371104618121,32.5,698.8000000000001
id_02-abnormal,895.727027027027,677.9801281542035,34.800000000000004,1538.5
id_02-normal,369.0866666666667,508.6430644893538,23.0,1494.2
id_04-abnormal,431.96600000000007,495.20615362684964,27.6,1398.7
id_04-normal,587.1223646723647,659.7380646513374,34.800000000000004,2316.3
id_06-abnormal,305.80980392156863,186.25529935170928,71.5,832.9000000000001
id_06-normal,208.0635135135135,45.078338262335464,71.60000000000001,624.6
all,329.4648275862069,432.15248968463436,23.0,2316.3
