slider-identifier,mean,std,min,max
id_00-abnormal,350.8424157303371,130.2233581687225,129.70000000000002,517.6
id_00-normal,245.64709737827712,32.27466270714903,34.800000000000004,662.7
id_02-abnormal,252.65205992509365,135.73050042544142,22.3,1191.8
id_02-normal,187.03679775280898,125.08374208531616,22.3,701.6
id_04-abnormal,304.15842696629215,867.5746703641129,22.3,4495.2
id_04-normal,126.6299625468165,179.16017433756448,22.3,851.0
id_06-abnormal,181.77640449438204,174.16313670500261,14.7,667.3000000000001
id_06-normal,205.0556179775281,226.03659426681614,14.7,1191.8
all,220.29868099658034,233.6095252949795,14.7,4495.2
