valve-identifier,mean,std,min,max
id_00-abnormal,225.64705882352942,275.7068142569509,30.6,1192.0
id_00-normal,210.5931382441978,240.3912681260545,25.1,1192.4
id_02-abnormal,177.1425,217.47818963861044,30.6,1191.4
id_02-normal,193.079802259887,218.37133162133912,20.1,1192.2
id_04-abnormal,71.11083333333335,103.19923359417828,21.3,662.7
id_04-normal,139.7177,188.53300594601745,10.1,1832.1
id_06-abnormal,145.47916666666666,188.1193653315498,30.5,1191.3
id_06-normal,160.93941532258063,200.83914043793246,14.9,1191.4
all,172.39035971223024,214.09228262952604,10.1,1832.1
