meanF0,stdevF0,hnr,localJitter,localabsoluteJitter,rapJitter,ppq5Jitter,ddpJitter,localShimmer,localdbShimmer,apq3Shimmer,aqpq5Shimmer,apq11Shimmer,ddaShimmer,filename,id_machine,machine_type,label
1303.5622597665865,346.6230423293064,-2.094881401321686,0.11704930698457054,9.618084993659032e-05,0.06085732517008697,0.07323663213442493,0.18257197551026091,0.2448767808633423,1.906795988742887,0.07946690347221155,0.11060046094701827,,0.23840071041663466,../../../dataset/mimii/fan/id_00/normal/00000275.wav,id_00,fan,normal
3051.737014160566,480.88368112010676,-3.7626526299994936,0.04244830455526615,1.3476597100486249e-05,0.020458206195411235,0.023009319229760867,0.061374618586233706,0.28005110962278046,2.227554552063285,0.09951625353408741,,,0.2985487606022622,../../../dataset/mimii/fan/id_00/normal/00000879.wav,id_00,fan,normal
1233.6280905119665,1.5787061286498678,-3.2656831045676507,0.10940959012562806,9.983331170928163e-05,0.07798172682640088,0.1363137336535253,0.23394518047920265,0.2887413360560265,2.0390923587531242,,,,,../../../dataset/mimii/fan/id_00/normal/00000123.wav,id_00,fan,normal
977.2804532304292,74.98598386048555,-0.6492104578547834,0.11122735946126057,0.0001320211008780634,0.05457567099802298,0.0652346427227354,0.16372701299406894,0.24921627328241203,1.921097366236761,0.11818267559370838,0.13926719051810013,,0.3545480267811251,../../../dataset/mimii/fan/id_00/normal/00000260.wav,id_00,fan,normal
1541.7244241405253,623.804551465219,-3.1149895354093933,0.1162796698828586,8.577853834353004e-05,0.03872197414638845,0.06134085472648703,0.11616592243916535,0.22583197286454704,1.7598587129946677,0.08709776898090367,,,0.261293306942711,../../../dataset/mimii/fan/id_00/normal/00000863.wav,id_00,fan,normal
