meanF0,stdevF0,hnr,localJitter,localabsoluteJitter,rapJitter,ppq5Jitter,ddpJitter,localShimmer,localdbShimmer,apq3Shimmer,aqpq5Shimmer,apq11Shimmer,ddaShimmer,filename,id_machine,machine_type,label
1204.559266919566,604.2696923338083,-3.3653066719262363,0.08875290087329693,8.40429225318129e-05,0.022293376013660327,0.02811852910128284,0.06688012804098098,0.14438760587649027,1.481015817056037,0.060578952560606754,0.14309087669611262,,0.18173685768182027,../../../dataset/mimii/fan/id_00/abnormal/00000275.wav,id_00,fan,abnormal
1002.0904508292244,56.63842363657229,2.619679047566983,0.10022899020488091,0.00011465975800033303,0.052846975006591676,0.05395478972787186,0.15854092501977501,0.2312650806863595,1.8407028635347897,0.11879470943800507,0.19226027259078995,0.04968037927066416,0.3563841283140152,../../../dataset/mimii/fan/id_00/abnormal/00000123.wav,id_00,fan,abnormal
1724.1090527680858,865.3005923062427,-2.9602652639454767,0.09180859267265572,5.591405939876024e-05,0.05133251458419522,0.07280595703303612,0.15399754375258567,0.20521650533832145,1.5394541877579635,0.08972603063224852,0.19046854214957729,,0.2691780918967456,../../../dataset/mimii/fan/id_00/abnormal/00000260.wav,id_00,fan,abnormal
1063.5242485870117,1397.847847454704,-3.2296910231676015,0.12233442453598599,5.815030915824947e-05,0.08426481232174968,,0.25279443696524906,0.24790914760933458,1.9555171652544512,0.21936813308594227,,,0.6581043992578268,../../../dataset/mimii/fan/id_00/abnormal/00000250.wav,id_00,fan,abnormal
,,-3.7013207532674044,,,,,,,,,,,,../../../dataset/mimii/fan/id_00/abnormal/00000071.wav,id_00,fan,abnormal
