FundamentalFrequency,HarmonicstoNoiseRatio,PulsesPerSec,jitter_local,jitter_local-absolute,jitter_rap,jitter_ppq5,jitter_ddp,filename,id_machine,machine_type,label
220.8333333333333,1.1724798070106375,73.0,0.11442419893030599,0.0005799440727761839,0.056125767636457026,0.0692747912102471,0.16837730290937108,../../../dataset/mimii/fan/id_04/normal/00000275.wav,id_04,fan,normal
220.8333333333333,1.3059927514512952,90.0,0.11275044347734481,0.000532006860363027,0.05926532841732032,0.06416514806914962,0.17779598525196097,../../../dataset/mimii/fan/id_04/normal/00000879.wav,id_04,fan,normal
217.80821917808217,1.3136931918366765,115.9,0.10966658106576327,0.0005667320335564218,0.054637599472565704,0.06424497226301362,0.16391279841769713,../../../dataset/mimii/fan/id_04/normal/00000123.wav,id_04,fan,normal
