FundamentalFrequency,HarmonicstoNoiseRatio,PulsesPerSec,jitter_local,jitter_local-absolute,jitter_rap,jitter_ppq5,jitter_ddp,filename,id_machine,machine_type,label
230.43478260869563,1.2783617874592559,189.1,0.11674051281159963,0.0004984404286840129,0.061117264376184116,0.06894323272051521,0.18335179312855235,../../../dataset/mimii/fan/id_04/abnormal/00000275.wav,id_04,fan,abnormal
223.94366197183095,1.2514353462779493,130.1,0.111677660583221,0.0005270591384536427,0.05675101065572852,0.06331395779440079,0.17025303196718555,../../../dataset/mimii/fan/id_04/abnormal/00000123.wav,id_04,fan,abnormal
230.43478260869563,1.3221752752317686,152.4,0.10909614575185463,0.00047474460936084453,0.056272875210095906,0.06387537843834418,0.1688186256302877,../../../dataset/mimii/fan/id_04/abnormal/00000260.wav,id_04,fan,abnormal
