FundamentalFrequency,HarmonicstoNoiseRatio,PulsesPerSec,jitter_local,jitter_local-absolute,jitter_rap,jitter_ppq5,jitter_ddp,filename,id_machine,machine_type,label
159.80303030303025,1.864505882854166,24.7,0.11138201874386261,0.0005720563223491587,0.056173371355380246,0.06613430335676475,0.16852011406614073,../../../dataset/mimii/pump/id_00/abnormal/00000123.wav,id_00,pump,abnormal
147.91017653167182,1.528927335703143,64.0,0.11458241438890797,0.0008817906940812642,0.05813551833554565,0.06689950474743246,0.17440655500663696,../../../dataset/mimii/pump/id_00/abnormal/00000071.wav,id_00,pump,abnormal
97.54601226993864,1.6793298945115334,24.0,0.12066821283319294,0.0007956590635673163,0.059684391437949326,0.059485077494549114,0.17905317431384798,../../../dataset/mimii/pump/id_00/abnormal/00000104.wav,id_00,pump,abnormal
