FundamentalFrequency,HarmonicstoNoiseRatio,PulsesPerSec,jitter_local,jitter_local-absolute,jitter_rap,jitter_ppq5,jitter_ddp,filename,id_machine,machine_type,label
365.5655391120507,1.669826699927829,51.4,0.12183851258996087,0.00040139042007183436,0.05957419444895423,0.08387353443633123,0.1787225833468627,../../../dataset/mimii/valve/id_04/normal/00000275.wav,id_04,valve,normal
418.42105263157885,2.4065875497201734,299.7,0.11646844364407577,0.00028205140351668145,0.05893992603110225,0.07239505165279045,0.17681977809330673,../../../dataset/mimii/valve/id_04/normal/00000879.wav,id_04,valve,normal
338.29787234042544,1.342562278541859,36.3,0.13050647379562358,0.0005244748922790979,0.0493012134869372,0.05704965292263505,0.14790364046081161,../../../dataset/mimii/valve/id_04/normal/00000123.wav,id_04,valve,normal
