FundamentalFrequency,HarmonicstoNoiseRatio,PulsesPerSec,jitter_local,jitter_local-absolute,jitter_rap,jitter_ppq5,jitter_ddp,filename,id_machine,machine_type,label
397.49999999999994,4.4903728958458755,97.3,0.12577362356655492,0.00032766978928690753,0.05594577596552377,0.0700230382892107,0.1678373278965713,../../../dataset/mimii/valve/id_02/normal/00000275.wav,id_02,valve,normal
124.21874999999999,3.282095860277401,38.7,0.11822040703947177,0.0007140271140413628,0.05316222989812473,0.04457949200377524,0.15948668969437418,../../../dataset/mimii/valve/id_02/normal/00000123.wav,id_02,valve,normal
317.99999999999994,3.569068409397688,35.3,0.13728013728015437,0.0004166682561299806,0.05954989738772516,0.06859014859016888,0.1786496921631755,../../../dataset/mimii/valve/id_02/normal/00000260.wav,id_02,valve,normal
