FundamentalFrequency,HarmonicstoNoiseRatio,PulsesPerSec,jitter_local,jitter_local-absolute,jitter_rap,jitter_ppq5,jitter_ddp,filename,id_machine,machine_type,label
188.33052985702267,2.0693646342305505,24.0,0.13517233743259702,0.000694223078358445,0.06999414166166112,0.10073588683463684,0.20998242498498337,../../../dataset/mimii/valve/id_02/abnormal/00000071.wav,id_02,valve,abnormal
378.5714285714285,0.9503701020687525,37.9,0.11712839173859352,0.00041390018030252094,0.05632674797207046,0.06793795945184057,0.1689802439162114,../../../dataset/mimii/valve/id_02/abnormal/00000104.wav,id_02,valve,abnormal
397.49999999999994,1.1478637519169108,79.2,0.11594727943966533,0.00041426440080607373,0.06438400671657037,0.0893577523963668,0.1931520201497111,../../../dataset/mimii/valve/id_02/abnormal/00000109.wav,id_02,valve,abnormal
