FundamentalFrequency,HarmonicstoNoiseRatio,PulsesPerSec,jitter_local,jitter_local-absolute,jitter_rap,jitter_ppq5,jitter_ddp,filename,id_machine,machine_type,label
144.54545454545453,1.0760644502958152,42.2,0.11382091755592322,0.0004557401726744916,0.06150250779269867,0.07116471198083067,0.184507523378096,../../../dataset/mimii/fan/id_00/normal/00000275.wav,id_00,fan,normal
95.01327928431645,0.4396815547282154,22.6,0.08956304347827135,0.0010382852107438778,0.04952340223331258,0.06624834782609143,0.14857020669993773,../../../dataset/mimii/fan/id_00/normal/00000879.wav,id_00,fan,normal
81.53846153846152,0.9239895370920286,31.5,0.12786950834809854,0.0006089962255753457,0.06964639904331685,0.08513564668770854,0.20893919712995054,../../../dataset/mimii/fan/id_00/normal/00000123.wav,id_00,fan,normal
