FundamentalFrequency,HarmonicstoNoiseRatio,PulsesPerSec,jitter_local,jitter_local-absolute,jitter_rap,jitter_ppq5,jitter_ddp,filename,id_machine,machine_type,label
203.8461538461538,0.2338142425998565,65.6,0.11630228083244828,0.00046944933545002565,0.057924728358625326,0.0650963539630585,0.17377418507587597,../../../dataset/mimii/fan/id_02/abnormal/00000275.wav,id_02,fan,abnormal
154.4271570014144,1.0366438297979739,109.3,0.12127489407391696,0.0005728766792782802,0.059353547981686385,0.06325312499480942,0.17806064394505916,../../../dataset/mimii/fan/id_02/abnormal/00000123.wav,id_02,fan,abnormal
186.0221674876847,1.131611433292556,71.9,0.11168059522084108,0.0005184268331328152,0.056719695599586055,0.06050915612920242,0.17015908679875816,../../../dataset/mimii/fan/id_02/abnormal/00000260.wav,id_02,fan,abnormal
