FundamentalFrequency,HarmonicstoNoiseRatio,PulsesPerSec,jitter_local,jitter_local-absolute,jitter_rap,jitter_ppq5,jitter_ddp,filename,id_machine,machine_type,label
289.09090909090907,1.006471183196564,171.9,0.11164306849987812,0.0003462597604860676,0.057227857956488985,0.06960286713192226,0.17168357386946695,../../../dataset/mimii/pump/id_02/abnormal/00000071.wav,id_02,pump,abnormal
103.92156862745097,0.8504193163311116,18.8,0.11534456389517386,0.0003918082173188399,0.04525072406565428,0.052066579566738255,0.13575217219696284,../../../dataset/mimii/pump/id_02/abnormal/00000104.wav,id_02,pump,abnormal
324.4897959183673,0.7600793604183455,52.0,0.1164962435719994,0.0004138578837278889,0.05628417433940805,0.06409101050667938,0.16885252301822415,../../../dataset/mimii/pump/id_02/abnormal/00000109.wav,id_02,pump,abnormal
