FundamentalFrequency,HarmonicstoNoiseRatio,PulsesPerSec,jitter_local,jitter_local-absolute,jitter_rap,jitter_ppq5,jitter_ddp,filename,id_machine,machine_type,label
141.9642857142857,0.8390908217943823,92.6,0.11045793743726638,0.0005676665836886376,0.051345062565502926,0.07519001137849955,0.15403518769650879,../../../dataset/mimii/pump/id_04/abnormal/00000071.wav,id_04,pump,abnormal
289.09090909090907,3.654108060110902,65.9,0.12512115684787412,0.00045114800920274237,0.06350865390819133,0.07015829278289729,0.19052596172457398,../../../dataset/mimii/pump/id_04/abnormal/00000087.wav,id_04,pump,abnormal
92.44186046511626,0.0,80.7,0.11302530729148844,0.0010659582977417066,0.057389844486331346,0.07111322131908689,0.17216953345899405,../../../dataset/mimii/pump/id_04/abnormal/00000015.wav,id_04,pump,abnormal
