FundamentalFrequency,HarmonicstoNoiseRatio,PulsesPerSec,jitter_local,jitter_local-absolute,jitter_rap,jitter_ppq5,jitter_ddp,filename,id_machine,machine_type,label
429.7297297297297,1.0533553660148676,255.6,0.11767191720269875,0.00036730763217045697,0.06054692854139,0.07448634054771842,0.18164078562417002,../../../dataset/mimii/pump/id_04/normal/00000275.wav,id_04,pump,normal
143.24324324324323,0.7142199693374633,37.8,0.11003658255172445,0.000553955104623999,0.054726005096205246,0.07011811351241666,0.16417801528861575,../../../dataset/mimii/pump/id_04/normal/00000123.wav,id_04,pump,normal
143.24324324324323,1.1948514682125608,179.1,0.11475488084235576,0.0005252086893497212,0.05831206622265569,0.06908225849105501,0.17493619866796706,../../../dataset/mimii/pump/id_04/normal/00000260.wav,id_04,pump,normal
