FundamentalFrequency,HarmonicstoNoiseRatio,PulsesPerSec,jitter_local,jitter_local-absolute,jitter_rap,jitter_ppq5,jitter_ddp,filename,id_machine,machine_type,label
112.7659574468085,2.551571382267573,31.9,0.11198474759709869,0.0009019430958122527,0.05877088895171911,0.08299314071919357,0.1763126668551573,../../../dataset/mimii/valve/id_06/abnormal/00000071.wav,id_06,valve,abnormal
110.41666666666664,3.9227616456595165,16.8,0.12274336733579029,0.0011613968354404337,0.044231710170819984,0.0697123668978791,0.13269513051245996,../../../dataset/mimii/valve/id_06/abnormal/00000104.wav,id_06,valve,abnormal
305.7692307692307,1.5811630846960085,185.7,0.11854342243889111,0.00045148000061835994,0.05807996641066153,0.07068146009518263,0.17423989923198457,../../../dataset/mimii/valve/id_06/abnormal/00000109.wav,id_06,valve,abnormal
