{
    "abnormal": {
        "meanF0": 851,
        "stdevF0": 871,
        "hnr": 0,
        "localJitter": 867,
        "localabsoluteJitter": 867,
        "rapJitter": 905,
        "ppq5Jitter": 963,
        "ddpJitter": 905,
        "localShimmer": 932,
        "localdbShimmer": 932,
        "apq3Shimmer": 1016,
        "aqpq5Shimmer": 1236,
        "apq11Shimmer": 2071,
        "ddaShimmer": 1016
    },
    "abnormal_percentage": {
        "meanF0": 25.78787878787879,
        "stdevF0": 26.39393939393939,
        "hnr": 0.0,
        "localJitter": 26.272727272727277,
        "localabsoluteJitter": 26.272727272727277,
        "rapJitter": 27.424242424242422,
        "ppq5Jitter": 29.18181818181818,
        "ddpJitter": 27.424242424242422,
        "localShimmer": 28.242424242424242,
        "localdbShimmer": 28.242424242424242,
        "apq3Shimmer": 30.787878787878785,
        "aqpq5Shimmer": 37.45454545454546,
        "apq11Shimmer": 62.75757575757576,
        "ddaShimmer": 30.787878787878785
    },
    "normal": {
        "meanF0": 2161,
        "stdevF0": 2225,
        "hnr": 0,
        "localJitter": 2202,
        "localabsoluteJitter": 2202,
        "rapJitter": 2249,
        "ppq5Jitter": 2388,
        "ddpJitter": 2249,
        "localShimmer": 2299,
        "localdbShimmer": 2299,
        "apq3Shimmer": 2527,
        "aqpq5Shimmer": 3419,
        "apq11Shimmer": 8033,
        "ddaShimmer": 2527
    },
    "normal_percentage": {
        "meanF0": 14.681703920103267,
        "stdevF0": 15.11651606766764,
        "hnr": 0.0,
        "localJitter": 14.960255452136694,
        "localabsoluteJitter": 14.960255452136694,
        "rapJitter": 15.279570623004279,
        "ppq5Jitter": 16.223928255995652,
        "ddpJitter": 15.279570623004279,
        "localShimmer": 15.619267613288946,
        "localdbShimmer": 15.619267613288946,
        "apq3Shimmer": 17.168285888987022,
        "aqpq5Shimmer": 23.228480195665465,
        "apq11Shimmer": 54.57571845913445,
        "ddaShimmer": 17.168285888987022
    },
    "all": {
        "meanF0": 3012,
        "stdevF0": 3096,
        "hnr": 0,
        "localJitter": 3069,
        "localabsoluteJitter": 3069,
        "rapJitter": 3154,
        "ppq5Jitter": 3351,
        "ddpJitter": 3154,
        "localShimmer": 3231,
        "localdbShimmer": 3231,
        "apq3Shimmer": 3543,
        "aqpq5Shimmer": 4655,
        "apq11Shimmer": 10104,
        "ddaShimmer": 3543
    }
}